Name,OpName,FwOps,BwOps,AccOps,InputShapes,OutputShape
nlist_gather,MEM,"[('MEM', [(70656, 3)])]",[],[],"[(70656, 3)]","(70656, 3)"
env_gather,MEM,"[('MEM', [(512, 138, 3)])]",[],[],"[(512, 138, 3)]","(512, 138, 3)"
env_diff_norm,VECadd,"[('VECadd', (70656, 3))]",[],[],"[(70656, 3), (70656, 3)]","(70656, 3)"
env_inv_r,VECmul,"[('VECmul', (70656, 4))]",[],[],"[(70656, 4)]","(70656, 4)"
env_smooth_weight,VECmul,"[('VECmul', (70656, 1))]",[],[],"[(70656, 1)]","(70656, 1)"
env_mat_mul,VECmul,"[('VECmul', (70656, 4))]",[],[],"[(70656, 4), (70656, 1)]","(70656, 4)"
env_normalize,VECadd,"[('VECadd', (70656, 4))]",[],[],"[(70656, 4), (70656, 4)]","(70656, 4)"
emb_t0_linear_0,Linear,"[('Linear', (23552, 1, 25))]",[],[],"[(23552, 1)]","(23552, 25)"
emb_t0_act_0,VECtanh,"[('VECtanh', (23552, 25))]",[],[],"[(23552, 25)]","(23552, 25)"
emb_t0_linear_1,Linear,"[('Linear', (23552, 25, 50))]",[],[],"[(23552, 25)]","(23552, 50)"
emb_t0_act_1,VECtanh,"[('VECtanh', (23552, 50))]",[],[],"[(23552, 50)]","(23552, 50)"
emb_t0_concat_1,MEM,"[('MEM', [(23552, 50)])]",[],[],"[(23552, 25)]","(23552, 50)"
emb_t0_res_1,VECadd,"[('VECadd', (23552, 50))]",[],[],"[(23552, 50), (23552, 50)]","(23552, 50)"
emb_t0_linear_2,Linear,"[('Linear', (23552, 50, 100))]",[],[],"[(23552, 50)]","(23552, 100)"
emb_t0_act_2,VECtanh,"[('VECtanh', (23552, 100))]",[],[],"[(23552, 100)]","(23552, 100)"
emb_t0_concat_2,MEM,"[('MEM', [(23552, 100)])]",[],[],"[(23552, 50)]","(23552, 100)"
emb_t0_res_2,VECadd,"[('VECadd', (23552, 100))]",[],[],"[(23552, 100), (23552, 100)]","(23552, 100)"
emb_t0_matmul,BMM,"[('BMM', (512, 4, 46, 100))]",[],[],"[(512, 46, 4), (512, 46, 100)]","(512, 4, 100)"
emb_t1_linear_0,Linear,"[('Linear', (47104, 1, 25))]",[],[],"[(47104, 1)]","(47104, 25)"
emb_t1_act_0,VECtanh,"[('VECtanh', (47104, 25))]",[],[],"[(47104, 25)]","(47104, 25)"
emb_t1_linear_1,Linear,"[('Linear', (47104, 25, 50))]",[],[],"[(47104, 25)]","(47104, 50)"
emb_t1_act_1,VECtanh,"[('VECtanh', (47104, 50))]",[],[],"[(47104, 50)]","(47104, 50)"
emb_t1_concat_1,MEM,"[('MEM', [(47104, 50)])]",[],[],"[(47104, 25)]","(47104, 50)"
emb_t1_res_1,VECadd,"[('VECadd', (47104, 50))]",[],[],"[(47104, 50), (47104, 50)]","(47104, 50)"
emb_t1_linear_2,Linear,"[('Linear', (47104, 50, 100))]",[],[],"[(47104, 50)]","(47104, 100)"
emb_t1_act_2,VECtanh,"[('VECtanh', (47104, 100))]",[],[],"[(47104, 100)]","(47104, 100)"
emb_t1_concat_2,MEM,"[('MEM', [(47104, 100)])]",[],[],"[(47104, 50)]","(47104, 100)"
emb_t1_res_2,VECadd,"[('VECadd', (47104, 100))]",[],[],"[(47104, 100), (47104, 100)]","(47104, 100)"
emb_t1_matmul,BMM,"[('BMM', (512, 4, 92, 100))]",[],[],"[(512, 92, 4), (512, 92, 100)]","(512, 4, 100)"
emb_t1_accum,VECadd,"[('VECadd', (512, 400))]",[],[],"[(512, 400), (512, 400)]","(512, 400)"
desc_normalize,VECmul,"[('VECmul', (512, 400))]",[],[],"[(512, 400)]","(512, 400)"
desc_final_matmul,BMM,"[('BMM', (512, 100, 4, 16))]",[],[],"[(512, 100, 4), (512, 4, 16)]","(512, 100, 16)"
desc_reshape,MEM,"[('MEM', [(512, 1600)])]",[],[],"[(512, 100, 16)]","(512, 1600)"
fit_linear_0,Linear,"[('Linear', (512, 1600, 240))]",[],[],"[(512, 1600)]","(512, 240)"
fit_act_0,VECtanh,"[('VECtanh', (512, 240))]",[],[],"[(512, 240)]","(512, 240)"
fit_linear_1,Linear,"[('Linear', (512, 240, 240))]",[],[],"[(512, 240)]","(512, 240)"
fit_act_1,VECtanh,"[('VECtanh', (512, 240))]",[],[],"[(512, 240)]","(512, 240)"
fit_res_1,VECadd,"[('VECadd', (512, 240))]",[],[],"[(512, 240), (512, 240)]","(512, 240)"
fit_linear_2,Linear,"[('Linear', (512, 240, 240))]",[],[],"[(512, 240)]","(512, 240)"
fit_act_2,VECtanh,"[('VECtanh', (512, 240))]",[],[],"[(512, 240)]","(512, 240)"
fit_res_2,VECadd,"[('VECadd', (512, 240))]",[],[],"[(512, 240), (512, 240)]","(512, 240)"
output_linear,Linear,"[('Linear', (512, 240, 1))]",[],[],"[(512, 240)]","(512, 1)"
energy_sum,VECadd,"[('VECadd', (512, 1))]",[],[],"[(512, 1)]","(1,)"
output_bw_input_grad,Linear,"[('Linear', (512, 240, 1))]",[],[],"[(512, 1)]","(512, 240)"
output_bw_weight_grad,Linear,"[('Linear', (512, 240, 1))]",[],[],"[(512, 1)]","(1, 240)"
output_bw_bias_grad,MEM,"[('MEM', [(512, 1)])]",[],[],"[(512, 1)]","(1,)"
fit_bw_input_2_input_grad,Linear,"[('Linear', (512, 240, 240))]",[],[],"[(512, 240)]","(512, 240)"
fit_bw_input_2_weight_grad,Linear,"[('Linear', (512, 240, 240))]",[],[],"[(512, 240)]","(240, 240)"
fit_bw_input_2_bias_grad,MEM,"[('MEM', [(512, 240)])]",[],[],"[(512, 240)]","(240,)"
fit_bw_act_2,VECmul,"[('VECmul', (512, 240))]",[],[],"[(512, 240), (512, 240)]","(512, 240)"
fit_bw_input_1_input_grad,Linear,"[('Linear', (512, 240, 240))]",[],[],"[(512, 240)]","(512, 240)"
fit_bw_input_1_weight_grad,Linear,"[('Linear', (512, 240, 240))]",[],[],"[(512, 240)]","(240, 240)"
fit_bw_input_1_bias_grad,MEM,"[('MEM', [(512, 240)])]",[],[],"[(512, 240)]","(240,)"
fit_bw_act_1,VECmul,"[('VECmul', (512, 240))]",[],[],"[(512, 240), (512, 240)]","(512, 240)"
fit_bw_input_0_input_grad,Linear,"[('Linear', (512, 1600, 240))]",[],[],"[(512, 240)]","(512, 1600)"
fit_bw_input_0_weight_grad,Linear,"[('Linear', (512, 1600, 240))]",[],[],"[(512, 240)]","(240, 1600)"
fit_bw_input_0_bias_grad,MEM,"[('MEM', [(512, 240)])]",[],[],"[(512, 240)]","(240,)"
fit_bw_act_0,VECmul,"[('VECmul', (512, 240))]",[],[],"[(512, 240), (512, 240)]","(512, 240)"
desc_bw_matmul,BMM,"[('BMM', (512, 100, 16, 4))]",[],[],"[(512, 100, 16)]","(512, 100, 4)"
emb_t0_bw_matmul,BMM,"[('BMM', (512, 46, 4, 100))]",[],[],"[(512, 4, 100)]","(512, 46, 100)"
emb_t0_bw_2_input_grad,Linear,"[('Linear', (23552, 50, 100))]",[],[],"[(23552, 100)]","(23552, 50)"
emb_t0_bw_2_weight_grad,Linear,"[('Linear', (23552, 50, 100))]",[],[],"[(23552, 100)]","(100, 50)"
emb_t0_bw_2_bias_grad,MEM,"[('MEM', [(23552, 100)])]",[],[],"[(23552, 100)]","(100,)"
emb_t0_bw_act_2,VECmul,"[('VECmul', (23552, 100))]",[],[],"[(23552, 100), (23552, 100)]","(23552, 100)"
emb_t0_bw_1_input_grad,Linear,"[('Linear', (23552, 25, 50))]",[],[],"[(23552, 50)]","(23552, 25)"
emb_t0_bw_1_weight_grad,Linear,"[('Linear', (23552, 25, 50))]",[],[],"[(23552, 50)]","(50, 25)"
emb_t0_bw_1_bias_grad,MEM,"[('MEM', [(23552, 50)])]",[],[],"[(23552, 50)]","(50,)"
emb_t0_bw_act_1,VECmul,"[('VECmul', (23552, 50))]",[],[],"[(23552, 50), (23552, 50)]","(23552, 50)"
emb_t0_bw_0_input_grad,Linear,"[('Linear', (23552, 1, 25))]",[],[],"[(23552, 25)]","(23552, 1)"
emb_t0_bw_0_weight_grad,Linear,"[('Linear', (23552, 1, 25))]",[],[],"[(23552, 25)]","(25, 1)"
emb_t0_bw_0_bias_grad,MEM,"[('MEM', [(23552, 25)])]",[],[],"[(23552, 25)]","(25,)"
emb_t0_bw_act_0,VECmul,"[('VECmul', (23552, 25))]",[],[],"[(23552, 25), (23552, 25)]","(23552, 25)"
emb_t1_bw_matmul,BMM,"[('BMM', (512, 92, 4, 100))]",[],[],"[(512, 4, 100)]","(512, 92, 100)"
emb_t1_bw_2_input_grad,Linear,"[('Linear', (47104, 50, 100))]",[],[],"[(47104, 100)]","(47104, 50)"
emb_t1_bw_2_weight_grad,Linear,"[('Linear', (47104, 50, 100))]",[],[],"[(47104, 100)]","(100, 50)"
emb_t1_bw_2_bias_grad,MEM,"[('MEM', [(47104, 100)])]",[],[],"[(47104, 100)]","(100,)"
emb_t1_bw_act_2,VECmul,"[('VECmul', (47104, 100))]",[],[],"[(47104, 100), (47104, 100)]","(47104, 100)"
emb_t1_bw_1_input_grad,Linear,"[('Linear', (47104, 25, 50))]",[],[],"[(47104, 50)]","(47104, 25)"
emb_t1_bw_1_weight_grad,Linear,"[('Linear', (47104, 25, 50))]",[],[],"[(47104, 50)]","(50, 25)"
emb_t1_bw_1_bias_grad,MEM,"[('MEM', [(47104, 50)])]",[],[],"[(47104, 50)]","(50,)"
emb_t1_bw_act_1,VECmul,"[('VECmul', (47104, 50))]",[],[],"[(47104, 50), (47104, 50)]","(47104, 50)"
emb_t1_bw_0_input_grad,Linear,"[('Linear', (47104, 1, 25))]",[],[],"[(47104, 25)]","(47104, 1)"
emb_t1_bw_0_weight_grad,Linear,"[('Linear', (47104, 1, 25))]",[],[],"[(47104, 25)]","(25, 1)"
emb_t1_bw_0_bias_grad,MEM,"[('MEM', [(47104, 25)])]",[],[],"[(47104, 25)]","(25,)"
emb_t1_bw_act_0,VECmul,"[('VECmul', (47104, 25))]",[],[],"[(47104, 25), (47104, 25)]","(47104, 25)"
